[
  {
    "id": 0,
    "name": "5x5",
    "puzzle": ["# ###", "  ###", "#    ", "#   #", "###  "]
  },
  {
    "id": 1,
    "name": "Jármű",
    "puzzle": [
      "   #   #  ",
      "  ### ### ",
      "  ### ### ",
      "   #   #  ",
      " ### #### ",
      " ### #### ",
      "   #   #  ",
      "### ### ##",
      " #########",
      "  ####### "
    ]
  },
  {
    "id": 2,
    "name": "Kutya",
    "puzzle": [
      "     ##  ####  ",
      "    #### # ### ",
      "    #### #  ## ",
      "     ## # # #  ",
      "       # ####  ",
      "   ##   #    # ",
      "# ###    ### # ",
      " ###     #   # ",
      "  ####   #   # ",
      "  ### #  ####  ",
      "# ###   #####  ",
      "####   ####### ",
      " ##    ### ####",
      " #     ###  ###",
      " ##   ###     #"
    ]
  }
]
