{
  "name": "Verseny neve",
  "tasks": [
    {
      "name": "1. feladat",
      "aspects": [
        {
          "id": 11,
          "name": "1. szempont",
          "type": "list",
          "values": {
            "good": 5,
            "bad": 0
          },
          "required": true
        }
      ]
    },
    {
      "name": "2. feladat",
      "aspects": []
    },
    {
      "name": "3. feladat",
      "aspects": [
        {
          "id": 31,
          "name": "1. szempont",
          "type": "boolean",
          "value": 2
        }
      ]
    }
  ]
}
